create database social_media
use social_media

CREATE TABLE Users (
    user_id INT PRIMARY KEY,
    username VARCHAR(50),
    email VARCHAR(100),
    join_date DATE
);


CREATE TABLE Posts (
    post_id INT PRIMARY KEY,
    user_id INT,
    content TEXT,
    post_date TIMESTAMP,
    FOREIGN KEY (user_id) REFERENCES Users(user_id)
);


CREATE TABLE Likes (
    like_id INT PRIMARY KEY,
    user_id INT,
    post_id INT,
    like_date TIMESTAMP,
    FOREIGN KEY (user_id) REFERENCES Users(user_id),
    FOREIGN KEY (post_id) REFERENCES Posts(post_id)
);


CREATE TABLE Comments (
    comment_id INT PRIMARY KEY,
    post_id INT,
    user_id INT,
    comment_text TEXT,
    comment_date TIMESTAMP,
    FOREIGN KEY (post_id) REFERENCES Posts(post_id),
    FOREIGN KEY (user_id) REFERENCES Users(user_id)
);


CREATE TABLE Friendships (
    friendship_id INT PRIMARY KEY,
    user_id1 INT,
    user_id2 INT,
    since_date DATE,
    FOREIGN KEY (user_id1) REFERENCES Users(user_id),
    FOREIGN KEY (user_id2) REFERENCES Users(user_id)
);

-- Insert Users
INSERT INTO Users (user_id, username, email, join_date) VALUES (1, 'lorianthony', 'wvalenzuela@hotmail.com', '2024-05-12');
INSERT INTO Users (user_id, username, email, join_date) VALUES (2, 'mathewschase', 'tina79@knapp.com', '2025-06-29');
INSERT INTO Users (user_id, username, email, join_date) VALUES (3, 'bedwards', 'jacksonbrett@price.com', '2024-06-08');
INSERT INTO Users (user_id, username, email, join_date) VALUES (4, 'joel94', 'igibson@gregory.org', '2024-10-16');
INSERT INTO Users (user_id, username, email, join_date) VALUES (5, 'mendozacolleen', 'sfritz@hotmail.com', '2024-04-29');
INSERT INTO Users (user_id, username, email, join_date) VALUES (6, 'yray', 'kimberlygonzales@gmail.com', '2024-10-09');
INSERT INTO Users (user_id, username, email, join_date) VALUES (7, 'zstokes', 'cynthiagomez@cuevas-obrien.com', '2024-12-03');
INSERT INTO Users (user_id, username, email, join_date) VALUES (8, 'webbcarl', 'kelseyblack@gmail.com', '2023-12-06');
INSERT INTO Users (user_id, username, email, join_date) VALUES (9, 'timothycooper', 'njacobson@ramos.com', '2024-11-21');
INSERT INTO Users (user_id, username, email, join_date) VALUES (10, 'emorse', 'upierce@garcia.net', '2024-10-11');
INSERT INTO Users (user_id, username, email, join_date) VALUES (11, 'brandy78', 'jesseweaver@yahoo.com', '2023-09-21');
INSERT INTO Users (user_id, username, email, join_date) VALUES (12, 'jason52', 'cbailey@yahoo.com', '2025-05-14');
INSERT INTO Users (user_id, username, email, join_date) VALUES (13, 'briancoleman', 'teresa90@hotmail.com', '2023-12-16');
INSERT INTO Users (user_id, username, email, join_date) VALUES (14, 'jeffrey99', 'spencerjamie@cruz.com', '2024-04-13');
INSERT INTO Users (user_id, username, email, join_date) VALUES (15, 'emily15', 'kelseywright@bridges-manning.com', '2025-06-01');
INSERT INTO Users (user_id, username, email, join_date) VALUES (16, 'jameswhite', 'michaelcoleman@hotmail.com', '2024-07-28');
INSERT INTO Users (user_id, username, email, join_date) VALUES (17, 'andrew79', 'richard22@gmail.com', '2024-09-03');
INSERT INTO Users (user_id, username, email, join_date) VALUES (18, 'ajohnson', 'bishopmadison@hotmail.com', '2025-01-20');
INSERT INTO Users (user_id, username, email, join_date) VALUES (19, 'glenn83', 'lewisisaiah@yahoo.com', '2025-04-17');
INSERT INTO Users (user_id, username, email, join_date) VALUES (20, 'micheal81', 'michelleabbott@hotmail.com', '2023-12-14');

-- Insert Posts
INSERT INTO Posts (post_id, user_id, content, post_date) VALUES (1, 7, 'Control but guy whom sometimes nice pressure get.', '2025-06-25 00:41:37');
INSERT INTO Posts (post_id, user_id, content, post_date) VALUES (2, 1, 'Apply season authority couple writer blue marriage beyond forget first.', '2025-04-09 01:52:43');
INSERT INTO Posts (post_id, user_id, content, post_date) VALUES (3, 19, 'Human hundred hot race owner member because task company north question natural upon.', '2025-05-21 09:41:05');
INSERT INTO Posts (post_id, user_id, content, post_date) VALUES (4, 1, 'Should word down avoid onto type true section house life fill pick.', '2025-03-19 19:32:52');
INSERT INTO Posts (post_id, user_id, content, post_date) VALUES (5, 4, 'Under war check though past herself.', '2025-03-20 11:52:40');
INSERT INTO Posts (post_id, user_id, content, post_date) VALUES (6, 15, 'Middle off argue star appear action son every perhaps various TV group ability.', '2024-11-30 08:25:37');
INSERT INTO Posts (post_id, user_id, content, post_date) VALUES (7, 14, 'Study finally exactly the baby without.', '2024-10-09 13:58:18');
INSERT INTO Posts (post_id, user_id, content, post_date) VALUES (8, 2, 'Factor second very condition decision low about show music entire direction bring.', '2025-04-25 12:47:01');
INSERT INTO Posts (post_id, user_id, content, post_date) VALUES (9, 2, 'Exactly film contain worry plant tonight wrong paper.', '2025-09-15 01:08:57');
INSERT INTO Posts (post_id, user_id, content, post_date) VALUES (10, 19, 'Always contain available require box number person focus from already.', '2024-11-10 21:34:51');
INSERT INTO Posts (post_id, user_id, content, post_date) VALUES (11, 17, 'Different without hear western save operation.', '2025-01-20 14:54:56');
INSERT INTO Posts (post_id, user_id, content, post_date) VALUES (12, 16, 'Part almost event will second single billion Congress feel civil hair spend.', '2025-06-10 18:28:26');
INSERT INTO Posts (post_id, user_id, content, post_date) VALUES (13, 20, 'Face line back second best forward challenge record box claim work garden near.', '2025-07-30 00:21:38');
INSERT INTO Posts (post_id, user_id, content, post_date) VALUES (14, 6, 'Age myself just dinner sport recent executive when five candidate his activity make.', '2025-01-31 04:54:31');
INSERT INTO Posts (post_id, user_id, content, post_date) VALUES (15, 16, 'Pay against fill rock lawyer book.', '2025-08-13 14:03:48');
INSERT INTO Posts (post_id, user_id, content, post_date) VALUES (16, 9, 'Large us leave black all amount recently national begin work represent better against.', '2025-03-08 09:44:44');
INSERT INTO Posts (post_id, user_id, content, post_date) VALUES (17, 14, 'Organization whom red capital such western blue now bill.', '2025-08-01 16:38:57');
INSERT INTO Posts (post_id, user_id, content, post_date) VALUES (18, 8, 'Past talk particularly fund policy scene control view.', '2025-08-09 03:24:00');
INSERT INTO Posts (post_id, user_id, content, post_date) VALUES (19, 11, 'Behavior cultural question who as sister among between.', '2025-05-02 08:47:23');
INSERT INTO Posts (post_id, user_id, content, post_date) VALUES (20, 10, 'Organization call method water serious then surface performance sing.', '2025-09-17 00:49:25');
INSERT INTO Posts (post_id, user_id, content, post_date) VALUES (21, 17, 'Address charge approach without near stock allow sit cold today size.', '2024-11-19 17:10:52');
INSERT INTO Posts (post_id, user_id, content, post_date) VALUES (22, 9, 'Power too source tough its half instead.', '2025-02-16 16:30:21');
INSERT INTO Posts (post_id, user_id, content, post_date) VALUES (23, 12, 'Church significant happy local whom time lead paper.', '2025-05-20 17:23:01');
INSERT INTO Posts (post_id, user_id, content, post_date) VALUES (24, 7, 'Than win himself approach room series sound purpose.', '2025-01-19 08:32:09');
INSERT INTO Posts (post_id, user_id, content, post_date) VALUES (25, 15, 'Prevent class behind option foreign sport difference agree big.', '2024-12-04 21:34:39');
INSERT INTO Posts (post_id, user_id, content, post_date) VALUES (26, 13, 'Voice PM step series indicate detail success couple where.', '2024-11-03 19:44:43');
INSERT INTO Posts (post_id, user_id, content, post_date) VALUES (27, 15, 'Example PM your Congress more begin economy become daughter.', '2025-07-20 08:10:29');
INSERT INTO Posts (post_id, user_id, content, post_date) VALUES (28, 4, 'Improve consumer city success travel system wind front attorney Mrs.', '2025-04-19 23:55:24');
INSERT INTO Posts (post_id, user_id, content, post_date) VALUES (29, 6, 'Will quickly family each lay take almost again mean material.', '2025-05-03 15:27:18');
INSERT INTO Posts (post_id, user_id, content, post_date) VALUES (30, 5, 'Why study clearly market girl magazine shoulder rise study through sort southern pull.', '2025-03-04 11:56:39');
INSERT INTO Posts (post_id, user_id, content, post_date) VALUES (31, 1, 'Skill pay guy his board how walk thus side upon himself couple certainly.', '2024-11-27 14:59:51');
INSERT INTO Posts (post_id, user_id, content, post_date) VALUES (32, 9, 'War change wonder stay type out color house interest.', '2025-05-21 08:04:40');
INSERT INTO Posts (post_id, user_id, content, post_date) VALUES (33, 9, 'Lose ground manager poor lay nor other name site receive plant return.', '2024-12-25 00:11:25');
INSERT INTO Posts (post_id, user_id, content, post_date) VALUES (34, 13, 'Democratic rock six force about person may book deal law field.', '2024-12-03 21:18:08');
INSERT INTO Posts (post_id, user_id, content, post_date) VALUES (35, 20, 'Bring last society somebody participant high financial old all since.', '2024-10-20 04:50:46');
INSERT INTO Posts (post_id, user_id, content, post_date) VALUES (36, 7, 'Pay respond field order data carry.', '2024-12-23 03:13:19');
INSERT INTO Posts (post_id, user_id, content, post_date) VALUES (37, 5, 'Draw full deep someone serve answer.', '2025-08-27 07:43:42');
INSERT INTO Posts (post_id, user_id, content, post_date) VALUES (38, 12, 'Matter hundred store research include form development break democratic artist.', '2024-11-22 10:44:32');
INSERT INTO Posts (post_id, user_id, content, post_date) VALUES (39, 8, 'Push onto manage loss laugh condition.', '2025-06-27 13:39:29');
INSERT INTO Posts (post_id, user_id, content, post_date) VALUES (40, 2, 'Property cost yourself color increase choose.', '2025-08-28 08:18:17');

-- Insert Likes
INSERT INTO Likes (like_id, user_id, post_id, like_date) VALUES (1, 3, 11, '2024-11-27 01:41:36');
INSERT INTO Likes (like_id, user_id, post_id, like_date) VALUES (2, 10, 39, '2025-04-26 17:10:42');
INSERT INTO Likes (like_id, user_id, post_id, like_date) VALUES (3, 10, 34, '2024-09-18 19:45:14');
INSERT INTO Likes (like_id, user_id, post_id, like_date) VALUES (4, 15, 20, '2025-04-27 23:46:19');
INSERT INTO Likes (like_id, user_id, post_id, like_date) VALUES (5, 4, 36, '2025-01-18 08:34:06');
INSERT INTO Likes (like_id, user_id, post_id, like_date) VALUES (6, 20, 7, '2025-09-12 13:12:36');
INSERT INTO Likes (like_id, user_id, post_id, like_date) VALUES (7, 14, 8, '2025-07-27 19:19:14');
INSERT INTO Likes (like_id, user_id, post_id, like_date) VALUES (8, 15, 30, '2025-07-06 15:25:12');
INSERT INTO Likes (like_id, user_id, post_id, like_date) VALUES (9, 20, 24, '2025-01-18 05:14:29');
INSERT INTO Likes (like_id, user_id, post_id, like_date) VALUES (10, 19, 31, '2024-11-10 06:43:00');
INSERT INTO Likes (like_id, user_id, post_id, like_date) VALUES (11, 8, 11, '2025-04-21 10:41:11');
INSERT INTO Likes (like_id, user_id, post_id, like_date) VALUES (12, 6, 40, '2025-03-19 09:02:55');
INSERT INTO Likes (like_id, user_id, post_id, like_date) VALUES (13, 15, 20, '2025-06-05 14:41:48');
INSERT INTO Likes (like_id, user_id, post_id, like_date) VALUES (14, 12, 11, '2025-08-25 11:13:58');
INSERT INTO Likes (like_id, user_id, post_id, like_date) VALUES (15, 7, 8, '2025-02-08 13:30:40');
INSERT INTO Likes (like_id, user_id, post_id, like_date) VALUES (16, 6, 1, '2025-02-18 16:48:38');
INSERT INTO Likes (like_id, user_id, post_id, like_date) VALUES (17, 17, 10, '2025-09-04 21:59:55');
INSERT INTO Likes (like_id, user_id, post_id, like_date) VALUES (18, 8, 4, '2024-10-29 09:46:28');
INSERT INTO Likes (like_id, user_id, post_id, like_date) VALUES (19, 9, 7, '2025-08-06 13:46:53');
INSERT INTO Likes (like_id, user_id, post_id, like_date) VALUES (20, 8, 20, '2025-03-25 22:24:40');
INSERT INTO Likes (like_id, user_id, post_id, like_date) VALUES (21, 1, 30, '2025-08-24 15:41:13');
INSERT INTO Likes (like_id, user_id, post_id, like_date) VALUES (22, 15, 38, '2024-12-14 10:31:12');
INSERT INTO Likes (like_id, user_id, post_id, like_date) VALUES (23, 16, 35, '2025-03-28 07:06:49');
INSERT INTO Likes (like_id, user_id, post_id, like_date) VALUES (24, 15, 35, '2025-03-27 20:02:11');
INSERT INTO Likes (like_id, user_id, post_id, like_date) VALUES (25, 5, 7, '2025-05-08 14:01:05');
INSERT INTO Likes (like_id, user_id, post_id, like_date) VALUES (26, 14, 9, '2025-02-23 01:07:47');
INSERT INTO Likes (like_id, user_id, post_id, like_date) VALUES (27, 16, 31, '2025-04-08 19:45:19');
INSERT INTO Likes (like_id, user_id, post_id, like_date) VALUES (28, 17, 22, '2025-03-21 16:56:03');
INSERT INTO Likes (like_id, user_id, post_id, like_date) VALUES (29, 14, 36, '2025-05-08 01:43:43');
INSERT INTO Likes (like_id, user_id, post_id, like_date) VALUES (30, 12, 15, '2025-04-29 00:20:21');
INSERT INTO Likes (like_id, user_id, post_id, like_date) VALUES (31, 8, 32, '2025-08-09 22:08:28');
INSERT INTO Likes (like_id, user_id, post_id, like_date) VALUES (32, 2, 24, '2025-06-30 01:06:33');
INSERT INTO Likes (like_id, user_id, post_id, like_date) VALUES (33, 6, 11, '2025-04-02 21:29:52');
INSERT INTO Likes (like_id, user_id, post_id, like_date) VALUES (34, 3, 36, '2025-08-16 13:58:04');
INSERT INTO Likes (like_id, user_id, post_id, like_date) VALUES (35, 18, 8, '2025-08-10 08:55:02');
INSERT INTO Likes (like_id, user_id, post_id, like_date) VALUES (36, 3, 35, '2024-11-19 11:52:35');
INSERT INTO Likes (like_id, user_id, post_id, like_date) VALUES (37, 7, 27, '2025-03-30 03:35:25');
INSERT INTO Likes (like_id, user_id, post_id, like_date) VALUES (38, 6, 15, '2025-06-26 12:24:12');
INSERT INTO Likes (like_id, user_id, post_id, like_date) VALUES (39, 4, 28, '2024-12-20 21:24:10');
INSERT INTO Likes (like_id, user_id, post_id, like_date) VALUES (40, 10, 33, '2025-07-07 22:06:18');
INSERT INTO Likes (like_id, user_id, post_id, like_date) VALUES (41, 3, 18, '2025-02-21 00:51:51');
INSERT INTO Likes (like_id, user_id, post_id, like_date) VALUES (42, 17, 26, '2024-12-28 01:05:54');
INSERT INTO Likes (like_id, user_id, post_id, like_date) VALUES (43, 16, 22, '2025-04-24 07:51:45');
INSERT INTO Likes (like_id, user_id, post_id, like_date) VALUES (44, 14, 38, '2025-09-01 01:44:11');
INSERT INTO Likes (like_id, user_id, post_id, like_date) VALUES (45, 3, 39, '2025-08-25 13:27:22');
INSERT INTO Likes (like_id, user_id, post_id, like_date) VALUES (46, 6, 26, '2025-04-02 12:06:17');
INSERT INTO Likes (like_id, user_id, post_id, like_date) VALUES (47, 18, 37, '2025-01-17 07:32:11');
INSERT INTO Likes (like_id, user_id, post_id, like_date) VALUES (48, 15, 5, '2025-08-09 14:00:38');
INSERT INTO Likes (like_id, user_id, post_id, like_date) VALUES (49, 19, 29, '2025-02-07 09:19:21');
INSERT INTO Likes (like_id, user_id, post_id, like_date) VALUES (50, 15, 23, '2025-04-18 02:14:18');
INSERT INTO Likes (like_id, user_id, post_id, like_date) VALUES (51, 13, 30, '2025-08-10 01:55:35');
INSERT INTO Likes (like_id, user_id, post_id, like_date) VALUES (52, 2, 34, '2025-02-11 07:20:27');
INSERT INTO Likes (like_id, user_id, post_id, like_date) VALUES (53, 20, 30, '2025-04-28 18:03:43');
INSERT INTO Likes (like_id, user_id, post_id, like_date) VALUES (54, 16, 38, '2025-01-23 08:48:18');
INSERT INTO Likes (like_id, user_id, post_id, like_date) VALUES (55, 11, 20, '2024-09-18 16:57:16');
INSERT INTO Likes (like_id, user_id, post_id, like_date) VALUES (56, 20, 6, '2025-01-18 07:17:30');
INSERT INTO Likes (like_id, user_id, post_id, like_date) VALUES (57, 1, 35, '2024-11-03 05:28:12');
INSERT INTO Likes (like_id, user_id, post_id, like_date) VALUES (58, 4, 29, '2025-02-24 09:16:15');
INSERT INTO Likes (like_id, user_id, post_id, like_date) VALUES (59, 11, 20, '2025-03-11 01:05:41');
INSERT INTO Likes (like_id, user_id, post_id, like_date) VALUES (60, 9, 29, '2025-08-07 01:22:04');

-- Insert Comments
INSERT INTO Comments (comment_id, post_id, user_id, comment_text, comment_date) VALUES (1, 32, 14, 'Message because protect note fear.', '2025-06-08 10:55:35');
INSERT INTO Comments (comment_id, post_id, user_id, comment_text, comment_date) VALUES (2, 33, 10, 'Measure none suddenly feeling marriage civil.', '2025-03-08 00:29:13');
INSERT INTO Comments (comment_id, post_id, user_id, comment_text, comment_date) VALUES (3, 30, 19, 'Learn mind campaign loss pressure management deep act.', '2024-12-18 08:00:03');
INSERT INTO Comments (comment_id, post_id, user_id, comment_text, comment_date) VALUES (4, 22, 11, 'Hope tree total chance program past item people.', '2025-03-02 17:22:44');
INSERT INTO Comments (comment_id, post_id, user_id, comment_text, comment_date) VALUES (5, 21, 12, 'Know involve agent catch everybody.', '2025-02-24 06:08:42');
INSERT INTO Comments (comment_id, post_id, user_id, comment_text, comment_date) VALUES (6, 19, 1, 'Player cultural others me possible affect today.', '2024-12-18 06:48:44');
INSERT INTO Comments (comment_id, post_id, user_id, comment_text, comment_date) VALUES (7, 40, 12, 'Experience offer happen rise know determine.', '2025-03-01 00:25:37');
INSERT INTO Comments (comment_id, post_id, user_id, comment_text, comment_date) VALUES (8, 28, 12, 'Relate until statement rise amount purpose themselves behavior.', '2024-10-01 10:12:01');
INSERT INTO Comments (comment_id, post_id, user_id, comment_text, comment_date) VALUES (9, 17, 1, 'Become bed occur its.', '2024-10-14 15:20:56');
INSERT INTO Comments (comment_id, post_id, user_id, comment_text, comment_date) VALUES (10, 37, 10, 'Sea south simple moment available case doctor fund.', '2025-06-02 01:31:07');
INSERT INTO Comments (comment_id, post_id, user_id, comment_text, comment_date) VALUES (11, 39, 13, 'Also yes dog type.', '2025-08-03 15:19:45');
INSERT INTO Comments (comment_id, post_id, user_id, comment_text, comment_date) VALUES (12, 9, 12, 'Gas dog he.', '2025-04-11 06:07:36');
INSERT INTO Comments (comment_id, post_id, user_id, comment_text, comment_date) VALUES (13, 7, 9, 'Member trip computer prepare chance much easy.', '2025-02-17 00:45:20');
INSERT INTO Comments (comment_id, post_id, user_id, comment_text, comment_date) VALUES (14, 15, 14, 'While air assume source return next.', '2025-08-01 06:22:25');
INSERT INTO Comments (comment_id, post_id, user_id, comment_text, comment_date) VALUES (15, 1, 20, 'Policy life direction over source idea bar.', '2025-04-19 17:48:25');
INSERT INTO Comments (comment_id, post_id, user_id, comment_text, comment_date) VALUES (16, 37, 14, 'Today husband raise central.', '2025-09-16 18:41:01');
INSERT INTO Comments (comment_id, post_id, user_id, comment_text, comment_date) VALUES (17, 18, 12, 'Raise though gun true this.', '2025-07-25 10:35:53');
INSERT INTO Comments (comment_id, post_id, user_id, comment_text, comment_date) VALUES (18, 18, 12, 'Church cell safe condition partner local talk.', '2024-10-12 20:57:03');
INSERT INTO Comments (comment_id, post_id, user_id, comment_text, comment_date) VALUES (19, 21, 2, 'Score beautiful international about.', '2024-12-09 02:41:53');
INSERT INTO Comments (comment_id, post_id, user_id, comment_text, comment_date) VALUES (20, 26, 15, 'Administration floor kid world imagine.', '2025-06-01 03:29:14');
INSERT INTO Comments (comment_id, post_id, user_id, comment_text, comment_date) VALUES (21, 23, 8, 'Hospital sea argue who sing station free.', '2025-06-21 15:36:20');
INSERT INTO Comments (comment_id, post_id, user_id, comment_text, comment_date) VALUES (22, 6, 9, 'Lead government reason business cup past.', '2025-02-28 04:24:01');
INSERT INTO Comments (comment_id, post_id, user_id, comment_text, comment_date) VALUES (23, 33, 9, 'Just instead understand task send up.', '2025-08-05 07:25:25');
INSERT INTO Comments (comment_id, post_id, user_id, comment_text, comment_date) VALUES (24, 17, 6, 'Fine or process surface board.', '2025-04-28 14:37:12');
INSERT INTO Comments (comment_id, post_id, user_id, comment_text, comment_date) VALUES (25, 31, 17, 'Either usually both set seat sea put.', '2025-09-16 15:53:06');
INSERT INTO Comments (comment_id, post_id, user_id, comment_text, comment_date) VALUES (26, 31, 4, 'Live him year value push detail experience.', '2025-09-09 15:22:39');
INSERT INTO Comments (comment_id, post_id, user_id, comment_text, comment_date) VALUES (27, 7, 8, 'Manager within big last sort adult.', '2025-06-14 09:06:11');
INSERT INTO Comments (comment_id, post_id, user_id, comment_text, comment_date) VALUES (28, 23, 11, 'Sing everyone red power politics store defense.', '2025-04-04 22:08:04');
INSERT INTO Comments (comment_id, post_id, user_id, comment_text, comment_date) VALUES (29, 29, 18, 'Arm score perhaps blue six mother.', '2024-10-21 22:19:03');
INSERT INTO Comments (comment_id, post_id, user_id, comment_text, comment_date) VALUES (30, 23, 20, 'With factor both table data red natural.', '2024-12-05 19:14:51');
INSERT INTO Comments (comment_id, post_id, user_id, comment_text, comment_date) VALUES (31, 32, 12, 'Tell its become wind contain program.', '2025-07-17 10:57:43');
INSERT INTO Comments (comment_id, post_id, user_id, comment_text, comment_date) VALUES (32, 9, 12, 'Industry to simply.', '2024-10-08 08:28:05');
INSERT INTO Comments (comment_id, post_id, user_id, comment_text, comment_date) VALUES (33, 27, 17, 'Deal well technology star federal specific.', '2024-12-26 02:57:29');
INSERT INTO Comments (comment_id, post_id, user_id, comment_text, comment_date) VALUES (34, 7, 11, 'Out president may card community away race yes.', '2025-09-03 05:15:01');
INSERT INTO Comments (comment_id, post_id, user_id, comment_text, comment_date) VALUES (35, 5, 3, 'Power night they well.', '2024-10-31 23:07:30');
INSERT INTO Comments (comment_id, post_id, user_id, comment_text, comment_date) VALUES (36, 38, 4, 'A office stock head choose picture visit.', '2024-09-26 17:59:04');
INSERT INTO Comments (comment_id, post_id, user_id, comment_text, comment_date) VALUES (37, 12, 6, 'Brother about another talk.', '2025-08-08 04:16:32');
INSERT INTO Comments (comment_id, post_id, user_id, comment_text, comment_date) VALUES (38, 29, 15, 'Forward even affect room improve forward soldier.', '2025-05-10 08:17:58');
INSERT INTO Comments (comment_id, post_id, user_id, comment_text, comment_date) VALUES (39, 18, 18, 'Computer lose debate discover such tax know.', '2024-11-01 19:36:05');
INSERT INTO Comments (comment_id, post_id, user_id, comment_text, comment_date) VALUES (40, 31, 19, 'Least will today phone machine.', '2025-03-10 14:05:08');
INSERT INTO Comments (comment_id, post_id, user_id, comment_text, comment_date) VALUES (41, 20, 7, 'Early everybody three tonight.', '2024-09-21 06:09:54');
INSERT INTO Comments (comment_id, post_id, user_id, comment_text, comment_date) VALUES (42, 36, 10, 'Name see practice doctor.', '2024-11-20 15:02:52');
INSERT INTO Comments (comment_id, post_id, user_id, comment_text, comment_date) VALUES (43, 3, 16, 'Receive eye forward.', '2024-11-03 01:19:40');
INSERT INTO Comments (comment_id, post_id, user_id, comment_text, comment_date) VALUES (44, 15, 15, 'Make PM mission tree.', '2024-11-20 05:06:39');
INSERT INTO Comments (comment_id, post_id, user_id, comment_text, comment_date) VALUES (45, 38, 3, 'Per degree away tough best policy.', '2025-08-26 03:26:30');
INSERT INTO Comments (comment_id, post_id, user_id, comment_text, comment_date) VALUES (46, 1, 1, 'Significant born against the other.', '2025-02-25 21:31:16');
INSERT INTO Comments (comment_id, post_id, user_id, comment_text, comment_date) VALUES (47, 14, 8, 'Lead best early though.', '2025-07-24 00:41:23');
INSERT INTO Comments (comment_id, post_id, user_id, comment_text, comment_date) VALUES (48, 13, 6, 'Foot high born sign.', '2025-01-29 00:34:57');
INSERT INTO Comments (comment_id, post_id, user_id, comment_text, comment_date) VALUES (49, 7, 4, 'Lay their central occur.', '2025-09-05 02:02:16');
INSERT INTO Comments (comment_id, post_id, user_id, comment_text, comment_date) VALUES (50, 16, 14, 'Moment fill degree check.', '2025-06-13 08:14:52');

-- Insert Friendships
INSERT INTO Friendships (friendship_id, user_id1, user_id2, since_date) VALUES (1, 6, 18, '2023-09-29');
INSERT INTO Friendships (friendship_id, user_id1, user_id2, since_date) VALUES (2, 4, 9, '2025-01-31');
INSERT INTO Friendships (friendship_id, user_id1, user_id2, since_date) VALUES (3, 14, 13, '2024-12-03');
INSERT INTO Friendships (friendship_id, user_id1, user_id2, since_date) VALUES (4, 5, 10, '2025-04-16');
INSERT INTO Friendships (friendship_id, user_id1, user_id2, since_date) VALUES (5, 9, 11, '2025-07-03');
INSERT INTO Friendships (friendship_id, user_id1, user_id2, since_date) VALUES (6, 13, 5, '2024-10-28');
INSERT INTO Friendships (friendship_id, user_id1, user_id2, since_date) VALUES (7, 6, 2, '2025-06-24');
INSERT INTO Friendships (friendship_id, user_id1, user_id2, since_date) VALUES (8, 7, 10, '2025-08-13');
INSERT INTO Friendships (friendship_id, user_id1, user_id2, since_date) VALUES (9, 4, 17, '2023-12-21');
INSERT INTO Friendships (friendship_id, user_id1, user_id2, since_date) VALUES (10, 5, 18, '2025-08-18');
INSERT INTO Friendships (friendship_id, user_id1, user_id2, since_date) VALUES (11, 8, 11, '2025-05-21');
INSERT INTO Friendships (friendship_id, user_id1, user_id2, since_date) VALUES (12, 9, 19, '2024-03-05');
INSERT INTO Friendships (friendship_id, user_id1, user_id2, since_date) VALUES (13, 2, 7, '2024-02-27');
INSERT INTO Friendships (friendship_id, user_id1, user_id2, since_date) VALUES (14, 1, 14, '2024-03-04');
INSERT INTO Friendships (friendship_id, user_id1, user_id2, since_date) VALUES (15, 6, 7, '2024-05-31');
INSERT INTO Friendships (friendship_id, user_id1, user_id2, since_date) VALUES (16, 20, 15, '2024-07-04');
INSERT INTO Friendships (friendship_id, user_id1, user_id2, since_date) VALUES (17, 3, 5, '2025-09-10');
INSERT INTO Friendships (friendship_id, user_id1, user_id2, since_date) VALUES (18, 4, 19, '2024-11-17');
INSERT INTO Friendships (friendship_id, user_id1, user_id2, since_date) VALUES (19, 14, 17, '2023-11-05');
INSERT INTO Friendships (friendship_id, user_id1, user_id2, since_date) VALUES (20, 19, 10, '2024-06-11');
INSERT INTO Friendships (friendship_id, user_id1, user_id2, since_date) VALUES (21, 15, 3, '2023-11-01');
INSERT INTO Friendships (friendship_id, user_id1, user_id2, since_date) VALUES (22, 13, 18, '2024-03-08');
INSERT INTO Friendships (friendship_id, user_id1, user_id2, since_date) VALUES (23, 2, 18, '2025-02-18');
INSERT INTO Friendships (friendship_id, user_id1, user_id2, since_date) VALUES (24, 16, 11, '2025-09-05');
INSERT INTO Friendships (friendship_id, user_id1, user_id2, since_date) VALUES (25, 18, 14, '2023-10-07');


select*from users;

SELECT p.post_id, p.content, p.post_date, u.username
FROM Posts p
INNER JOIN Users u ON p.user_id = u.user_id;

SELECT c.comment_id, c.post_id, c.comment_text, c.comment_date, u.username
FROM Comments c
INNER JOIN Users u ON c.user_id = u.user_id;

SELECT u.user_id, u.username, COUNT(p.post_id) AS total_posts
FROM Users u
JOIN Posts p ON u.user_id = p.user_id
GROUP BY u.user_id, u.username
ORDER BY total_posts DESC
LIMIT 3;

SELECT p.post_id, COUNT(l.like_id) AS total_likes
FROM Posts p
LEFT JOIN Likes l ON p.post_id = l.post_id
GROUP BY p.post_id
HAVING COUNT(l.like_id) > (
    SELECT AVG(like_count)
    FROM (
        SELECT COUNT(*) AS like_count
        FROM Likes
        GROUP BY post_id
    ) AS avg_table
);

SELECT DISTINCT u.user_id, u.username
FROM Users u
JOIN Likes l ON u.user_id = l.user_id
WHERE u.user_id NOT IN (
    SELECT DISTINCT user_id FROM Posts
);

SELECT u.user_id, u.username
FROM Users u
WHERE u.user_id IN (
    SELECT user_id1 FROM Friendships WHERE user_id2 = 3
    UNION
    SELECT user_id2 FROM Friendships WHERE user_id1 = 3
);

SELECT DISTINCT p.post_id, p.content
FROM Posts p
JOIN Likes l ON p.post_id = l.post_id
WHERE l.user_id IN (
    SELECT user_id1 FROM Friendships WHERE user_id2 = 3
    UNION
    SELECT user_id2 FROM Friendships WHERE user_id1 = 3
);

CREATE OR REPLACE FUNCTION GetUserActivity(userId INT)
RETURNS TABLE (
    total_posts INT,
    total_likes_given INT,
    total_likes_received INT,
    total_comments INT
)
LANGUAGE plpgsql
AS $$
BEGIN
    RETURN QUERY
    SELECT
        (SELECT COUNT(*)::INT FROM Posts WHERE user_id = userId),
        (SELECT COUNT(*)::INT FROM Likes WHERE user_id = userId),
        (SELECT COUNT(*)::INT FROM Likes 
            WHERE post_id IN (SELECT post_id FROM Posts WHERE user_id = userId)),
        (SELECT COUNT(*)::INT FROM Comments WHERE user_id = userId);
END;
$$;

SELECT * FROM GetUserActivity(3);

SELECT u.user_id, u.username,
       COUNT(DISTINCT l.like_id) + COUNT(DISTINCT c.comment_id) AS influence_score
FROM Users u
JOIN Posts p ON u.user_id = p.user_id
LEFT JOIN Likes l ON p.post_id = l.post_id
LEFT JOIN Comments c ON p.post_id = c.post_id
GROUP BY u.user_id, u.username
ORDER BY influence_score DESC
LIMIT 1;


SELECT u.user_id, u.username,
       COUNT(DISTINCT l.like_id) + COUNT(DISTINCT c.comment_id) AS influence_score
FROM Users u
JOIN Posts p ON u.user_id = p.user_id
LEFT JOIN Likes l ON p.post_id = l.post_id
LEFT JOIN Comments c ON p.post_id = c.post_id
GROUP BY u.user_id, u.username
ORDER BY influence_score DESC
LIMIT 1;